"Source","Bytes","SHA256","Restitution"
"Sources/Github/Sheepering.md","13342","D3414FCEB4F7A39B8F4185DA6E5C9BE9D15C7051D0BF0B9B7E3F71E0573901AA","GitHub/Sheepering.md"
"Sources/Notion/Liste des jeux 14f78fb2cc9180b7a3e8dd05c57df425.csv","770","7264B09DAC559C99E58F16AFD116DFB8B2AE1A9F53A0C20A231F396FAA133275","Notion/Liste des jeux 14f78fb2cc9180b7a3e8dd05c57df425.csv"
"Sources/Notion/Liste des jeux 14f78fb2cc9180b7a3e8dd05c57df425_all.csv","770","91A5F8A9BBFE29ADA7BC0AF1727BCA70A060156FAFFF70EDE15A00886A232159","Notion/Liste des jeux 14f78fb2cc9180b7a3e8dd05c57df425_all.csv"
"Sources/Notion/Liste des jeux/Base et de survie 559fa3226eb345afadf6e1ff1b71c8c6.md","2168","DE8654F6909B139B59C9D5095EF466B0989C614850C3AF037A52688466CC9616","Notion/Liste des jeux/Base et de survie 559fa3226eb345afadf6e1ff1b71c8c6.md"
"Sources/Notion/Liste des jeux/Base et de survie/image 1.png","424900","63A56D03CCCF9D04EDF39F98A97841B8FEA1951A81F9CEBB16E1FEE471064D4D","Notion/Liste des jeux/Base et de survie/image 1.png"
"Sources/Notion/Liste des jeux/Base et de survie/image 2.png","2679740","BE37EC97C69358ED9D3342B9766629A71F6EB6FEE11AAE4DE512B7B4C2FF71E1","Notion/Liste des jeux/Base et de survie/image 2.png"
"Sources/Notion/Liste des jeux/Base et de survie/image.png","237278","975D1E30A11C8DD6272359C5B351A80AF9A8058D944530F052F3C098C89096FC","Notion/Liste des jeux/Base et de survie/image.png"
"Sources/Notion/Liste des jeux/Donjon à plusieurs 14f78fb2cc918031b617eb9fa5434e50.md","324","AE6094041B4639A2C09AE0A7F8E94A1643456F83431D0DA07F4712C385A17046","Notion/Liste des jeux/Donjon à plusieurs 14f78fb2cc918031b617eb9fa5434e50.md"
"Sources/Notion/Liste des jeux/Gestion de Flore Faune pour création forêt 14f78fb2cc9180b49fbdcb5eef02b78d.md","238","D5F59B3943217E0DFC17FFD3D34D3A50147370EE093E987BFED0D9A4D96149CD","Notion/Liste des jeux/Gestion de Flore Faune pour création forêt 14f78fb2cc9180b49fbdcb5eef02b78d.md"
"Sources/Notion/Liste des jeux/Jeu abeille gestion d’equipe en entreprise 38478fb2cc9180db9284ea43404e80bc.md","62","43BE42120500E463636BF75C483A4082EE8F6A001FDEFBD9AF010138BF7A440F","Notion/Liste des jeux/Jeu abeille gestion d’equipe en entreprise 38478fb2cc9180db9284ea43404e80bc.md"
"Sources/Notion/Liste des jeux/Jeu sur les sens 14f78fb2cc91803a8754d27ff018b81d.md","187","A4BF5B97A214DE2BB06B4A5D884A59F3D489D37CF8511621980DDC3B1A51091F","Notion/Liste des jeux/Jeu sur les sens 14f78fb2cc91803a8754d27ff018b81d.md"
"Sources/Notion/Liste des jeux/Jeux de type “Reign” 14f78fb2cc91806dacbcf346d58548b2.md","220","E43616F4EE9BC7FCB4E1455155F96DE400339B12D7973FEC88F56280E257C5A3","Notion/Liste des jeux/Jeux de type “Reign” 14f78fb2cc91806dacbcf346d58548b2.md"
"Sources/Notion/Liste des jeux/Match de volley 14f78fb2cc9180839663ccf475ca1888.md","207","D4E09567947BD9AD062D228DEE8F275F676F5A9995935B980F2A27A50435C6E8","Notion/Liste des jeux/Match de volley 14f78fb2cc9180839663ccf475ca1888.md"
"Sources/OneNote/.Docx/Général.docx","14554","61013E45FC4FD1F2808904CA89945C67196265ACE0DF5EA58F0841C083A5F078","OneNote/Général.md"
"Sources/OneNote/.Docx/Sport - BOXE.docx","21301","78740F141DC06C2487248BC7B1E39A2E37E3CD52489D54F2529C2628192A5380","OneNote/Sport - BOXE.md"
"Sources/OneNote/.Docx/Sport - Volley.docx","12512","9DE5F7820089542017820D2B9498A9FE019B5F187272E01441E3C94EB62C3B50","OneNote/Sport - Volley.md"
"Sources/OneNote/.Docx/Stratégie - KINGDOMS.docx","18193","D13593F1B0E68D34D2CB12E0F5B9713FA91A802CE7D61C89E5CAAC38D49D3332","OneNote/Stratégie - KINGDOMS.md"
"Sources/OneNote/.Docx/Village.docx","12616","C8B91A03D59737555BE85CFA51785BF8BF8D313D185F5C11DE09D6308996658A","OneNote/Village.md"
"Sources/OneNote/.Docx/WAFE - Banalités.docx","19347","D1616F913FF650E589B750F7663DABD1415C6A1FAF58A9C9EAC5B9A2DB7F9C26","OneNote/WAFE - Banalités.md"
"Sources/OneNote/.Docx/WAFE - Donjon.docx","850104","F211AD5706D9F87C31516AEBD9DDDCDC9720D0FFDF959AD003C177F5EAA1B10A","OneNote/WAFE - Donjon.md"
"Sources/OneNote/.Docx/WAFE - King battle.docx","16156","6163F7F332A59CFADFD32D8B9A29804B2F02976958416655E68BCB2A652A0388","OneNote/WAFE - King battle.md"
"Sources/OneNote/.Docx/WAFE - LandProtect.docx","12604","3AD9701909AD9D77270AE14F9F3B2C99B624B22F66685D35E37962849D36AC7A","OneNote/WAFE - LandProtect.md"
"Sources/OneNote/.Docx/WAFE.docx","190402","12DB5CE49C81BE3FCCF53D1A4592CD237B559BAA0BE4A47740823D3D5B9C0DC8","OneNote/WAFE.md"
"Sources/OneNote/.Docx/YNSECTS.docx","35259","3BA4AD7DF0D9512BE52241A47A2BB56BFD12772E4874DFE996A0E7DF19132892","OneNote/YNSECTS.md"
"Sources/OneNote/.One/Général.one","33628","811967CE7F9AFE1038F8420B4A9EDB8803C2D83F32299C12BEBB2696754AD396","Conservé dans Sources (binaire de référence)"
"Sources/OneNote/.One/Ouvrir le bloc-notes.onetoc2","7136","34AF5AD1D8077C0EF69723F243FF846A4457E5280374AFB98A0A635EB0E4ECE7","Conservé dans Sources (binaire de référence)"
"Sources/OneNote/.One/Sport - BOXE.one","107772","6137A03FFA9CB55CDAF422D5A4C7A0F9B0DEBE16FB82B7A53DDA9C333362054E","Conservé dans Sources (binaire de référence)"
"Sources/OneNote/.One/Sport - Volley.one","10928","B2EA5E067667CDCD9FEEFEC39AE49BC579778849604376DBBE23AA23786D1830","Conservé dans Sources (binaire de référence)"
"Sources/OneNote/.One/Stratégie - KINGDOMS.one","59536","CE7F704552133134234199E0C2FD00E0BAAF39DE02715F5CF9FE767E6C92C78D","Conservé dans Sources (binaire de référence)"
"Sources/OneNote/.One/Village.one","11792","EFD651A77515DFE66E905918DE9914C124B8EFFE14B1F5AC727DF9625F480AE3","Conservé dans Sources (binaire de référence)"
"Sources/OneNote/.One/WAFE - Banalités.one","142218","952E15D6EE1C5CA7FA62B05291E74D5AE2727787B2BD7BA291D6560B48B9F3D6","Conservé dans Sources (binaire de référence)"
"Sources/OneNote/.One/WAFE - Donjon.one","1099232","9952504F5F2D38269988226102716C3560983C0D23710B21FE1C8DF5C953337F","Conservé dans Sources (binaire de référence)"
"Sources/OneNote/.One/WAFE - King battle.one","48152","E682383EAAC65CCDEB610FF5946649102F875B615350B2B7FA2740D9FB03919A","Conservé dans Sources (binaire de référence)"
"Sources/OneNote/.One/WAFE - LandProtect.one","12704","1E4241B2C3CAD28D938CAFBC976E01542358094BDF3131D198791B29C4E09071","Conservé dans Sources (binaire de référence)"
"Sources/OneNote/.One/WAFE.one","481193","0D7841003669F2893E1B7EB6DBEAD1E0D56BB64BA8C2BAFE18C3068B163406E5","Conservé dans Sources (binaire de référence)"
"Sources/OneNote/.One/YNSECTS.one","40496","FBC55F9DB3245A5F700C0BB0A72D516BF39E8E180A72EAC4911D4C9A7B6D272E","Conservé dans Sources (binaire de référence)"
